name;competence;willingness;confidence
;;;;
Alice;-1.0;-1.0;-1.0
Alice;-1.0;-1.0;-1.0
Alice;-1.0;-1.0;-1.0
Alice;-1.0;-1.0;-1.0
Alice;-1.0;-1.0;-1.0
Ben;-1.0;-1.0;-1.0
Ben;-1.0;-1.0;-1.0
Ben;-1.0;-1.0;-1.0
Ben;-1.0;-1.0;-1.0
Alice;0.7;0.7;-0.7999999999999998
Alice;0.7999999999999999;0.7999999999999999;-0.29999999999999966
Alice;0.9999999999999999;0.9999999999999999;0.10000000000000032
