name;competence;willingness;confidence
;;;;
Alice;0.7;0.7;-0.7999999999999998
Alice;0.7999999999999999;0.7999999999999999;-0.29999999999999966
Alice;0.9999999999999999;0.9999999999999999;0.10000000000000032
Ben;0.5;0.4;-0.5499999999999996
Ben;0.5;0.20000000000000004;-0.24999999999999967
Ben;0.5;2.7755575615628914e-17;0.05000000000000032
Charlie;0.5;0.4;-0.5499999999999996
Charlie;0.7;0.5;-0.29999999999999966
Charlie;0.7;0.4;-0.049999999999999684
